Title,Channel,URL
Jack Skellington Fractures All His Bones Trying To Conquer The Dory Holidays,avojaifnot,https://www.youtube.com/watch?v=NRTISPguMZY
THE GRUMPY GILLS FAMILY EATS AT THE RESTAURANT OF THE INCREDIBLY STACKBABBING COLOR CURVY PHASERS,avojaifnot,https://www.youtube.com/watch?v=DC5k6zpizis
[Private video],,https://www.youtube.com/watch?v=nay_NcPLjuA
THE JOJ,cs188archives,https://www.youtube.com/watch?v=kPy3SvINufA
[YTP] Escape From HOH SIS (cs188 re-upload),theJOJreuploads,https://www.youtube.com/watch?v=1aitomv0yeQ
YTP: The Holiday Filler,Frozen Cereal,https://www.youtube.com/watch?v=Ozdho-7ZS60
YTP - Elsa Lets Her Sanity Go,Frozen Cereal,https://www.youtube.com/watch?v=XVAVsCvUtwo
YTP - Hitler delivers pizza,DotAVIguy,https://www.youtube.com/watch?v=MkmYqkTMNxs
[YTP] Poe gets sucked into an inescapable black hole,TheRumChum,https://www.youtube.com/watch?v=OJ1PEcVOwJA
Garfielf,PilotRedSun,https://www.youtube.com/watch?v=OGbhJjXl9Rk
[Private video],,https://www.youtube.com/watch?v=tjSW2e8NZg8
Sin√§TuubaPaska - Korealainen stylisti keksii gang bangin,Urpoliitikko,https://www.youtube.com/watch?v=a4E244IEKVc
Now it's time for so long,chemistryguy,https://www.youtube.com/watch?v=uTmsZ0WjMho
[YTP] Shrek On Crack,TheRumChum,https://www.youtube.com/watch?v=T78i5sFyfD8
YTP - Rick Grimes Can't Get it Together,zck2020,https://www.youtube.com/watch?v=kO53ZsDXW-U
[YTP] The Dead Dead Dead,TheRumChum,https://www.youtube.com/watch?v=o2_wK7UjW-4
I owe six bucks to the company stoats {YTP},noisepuppet,https://www.youtube.com/watch?v=Z2Zy8MHGSjM
Dathings1 hires Joj to endorse noisephukket {YTP},noisepuppet,https://www.youtube.com/watch?v=jS8e6-2cV9Q
[YTP] Gregger rips one in a business meeting,noisepuppet,https://www.youtube.com/watch?v=V5rjGCze3EU
"Riveting tale, chap! {YTP}",noisepuppet,https://www.youtube.com/watch?v=axkUCeS0Qjk
They drank the KoooooK,noisepuppet,https://www.youtube.com/watch?v=Gf8CzEg3X0c
Prease to plesent lacist commercial,noisepuppet,https://www.youtube.com/watch?v=757uQN3NwBM
[Private video],,https://www.youtube.com/watch?v=lPUgh0hNSPU
[YTP] The Bad Prince of Breaking Fresh Wind (100K subscriber special),cs188,https://www.youtube.com/watch?v=Y7ggMre7Q8k
YTP: Strange Things are Happening.,Hoffy1138,https://www.youtube.com/watch?v=yTnER5nfLQ4
The Rog Collab,Robyn,https://www.youtube.com/watch?v=Shpzege1DwY
[YTP] Achievement Blunder,Sinn3d_tragedy,https://www.youtube.com/watch?v=8KslSxdkYs0
[Deleted video],,https://www.youtube.com/watch?v=UCQg2V2CjcY
[Private video],,https://www.youtube.com/watch?v=jH_qlXDbu64
[Private video],,https://www.youtube.com/watch?v=F6qCc5BNA2E
[Deleted video],,https://www.youtube.com/watch?v=o7-mR_2fSQA
[YTP] Harry potter and the order of the Deathstar,TheRumChum,https://www.youtube.com/watch?v=j-cEWFm5xK4
[Deleted video],,https://www.youtube.com/watch?v=9ruUhbaxLtE
"PilotRedSun's ""Garfielf"" re-enactment with cs188 editing",radicalfaith360,https://www.youtube.com/watch?v=03uRVf8jWzo
radicalfaith360 shoves youtube feed up his ass and flushes his update down the toilet,radicalfaith360,https://www.youtube.com/watch?v=_C3Za93BQW8
YTP: Sexical-Gay360 Drinks Alcohol to Endorse Shitty Cars,PotatoShitz,https://www.youtube.com/watch?v=GtXmtp9-y-E
YouTube Poop: Shaggy Loses his Ham and Contemplates Suicide,PotatoShitz,https://www.youtube.com/watch?v=KG1k9FPbqNQ
YTP - Olaf wants to build a snowman,Bombinmepants,https://www.youtube.com/watch?v=iE1A1kU1BJQ
[Deleted video],,https://www.youtube.com/watch?v=PJWzQJZqZgs
[YTP] Bill Nye Destroys Matter,p4tworld,https://www.youtube.com/watch?v=sLKKXXmyd3c
sixty-eight,cupoficewater1,https://www.youtube.com/watch?v=SZeX8VuG2BI
Buster Balz teaches titty slappin {YTP},noisepuppet,https://www.youtube.com/watch?v=bTN1TcD0Mqk
Youtube Poop: CHOCOLATE STAINS,PissMyselfLaffing,https://www.youtube.com/watch?v=lBo3R6JW9yM
JOSH TRANSCENDS MORTALITY,PresidentOfJelybeans,https://www.youtube.com/watch?v=4WqPUiIBhtw
[YTP] IT'S ALL RIGHT HERE AT YOUR FINGERTITS,cs188,https://www.youtube.com/watch?v=Y7WtkdLQ6PM
[Deleted video],,https://www.youtube.com/watch?v=SCnZI14_-J0
[YTP] Paula Peen Cooks Black People,p4tworld,https://www.youtube.com/watch?v=CCH-uTp6mlU
[YTP] CS188 Wants You to Call HOH SIS,p4tworld,https://www.youtube.com/watch?v=0-C3tgiVTsc
YTP: The Walking Dead Game - The Many More Deaths Of Carley,Stephen's YTP's,https://www.youtube.com/watch?v=X5hNqBPNhnU
YTP: bill nye ch-ch-ch-checks it out,zoso,https://www.youtube.com/watch?v=wSs5qd9vcpw
Bonzi Buddy Speaks!,SuperMario157,https://www.youtube.com/watch?v=CReiz-57KBw
Bonzi Buddy Remix (MALWARE ANTHEM),Unsung Heroes,https://www.youtube.com/watch?v=yvtr3u6YXsA
[YTP/Vinesauce] BONZI BUDDY AND JOEL'S FUCKING DISGUSTING WMM ORGY,StrobeFlashLite,https://www.youtube.com/watch?v=PaW2iYRckqo
[PSYTP] OPPA GODDAMN STYLE,cs188,https://www.youtube.com/watch?v=fIfMOGUi98Y
YTP: Psy Gone Psycho,SamTheEnglishGamer,https://www.youtube.com/watch?v=7SfIVCqMRHQ
[Private video],,https://www.youtube.com/watch?v=-rgPmqtqvjo
Continuing commercial cornholecopia 1991 {YTP},noisepuppet,https://www.youtube.com/watch?v=I_o0BLde7cc
[YTP] - Michael's Mom Suffers Severe Domestic Abuse,Ron Mad,https://www.youtube.com/watch?v=dRHlwEnf3AY
[YTP] Rog earns millions making YouTube Poops,Dylancliff111,https://www.youtube.com/watch?v=-rIK4gGMAMk
YouTube Poop: It's Rip Snortin' Time! - 2,Hurricoaster,https://www.youtube.com/watch?v=Uvl4lL-ZRX0
YouTube Poop: Bifidus Regularis,Hurricoaster,https://www.youtube.com/watch?v=skABvxrASRo
[YTP] Gayco Kar Kummershul 1,Hurricoaster,https://www.youtube.com/watch?v=EHnEOCikH-8
YouTube Poop: It's Rip Snortin' Time!,Hurricoaster,https://www.youtube.com/watch?v=pi_AQen5kI8
YTP Short: It's Rip Snortin' Time! - 1.5,Hurricoaster,https://www.youtube.com/watch?v=JR7AoRLmlqc
[YTP] Rodeohead - Kock Police,Hurricoaster,https://www.youtube.com/watch?v=vYGzlKIoVGI
[YTP] Sean Rash and the Bottle Bitch,Hurricoaster,https://www.youtube.com/watch?v=NGIJfpVoCN4
[YTP] Bevin Korseth Gets Cock Blocked,Hurricoaster,https://www.youtube.com/watch?v=E47w8bE-MII
EURGH,Hurricoaster,https://www.youtube.com/watch?v=8cYRvjP6iG4
[Private video],,https://www.youtube.com/watch?v=jOTOx_zcAig
YTP: Billy Mays Runs for President,CoolBlueZR1,https://www.youtube.com/watch?v=KYHOj4tEgMk
[YTP]: Randall Is An Alligator,AlpacaHawk,https://www.youtube.com/watch?v=IEBqvbTCNUY
[Deleted video],,https://www.youtube.com/watch?v=ROn5o91t0ck
[Private video],,https://www.youtube.com/watch?v=vSr9XE47_r0
{YTP} ~ 24601 Releases a Sammich on Parole [CC],DaThings,https://www.youtube.com/watch?v=JEVago2PKn0
[YTP] You are an old man and a FOOF!,TheRumChum,https://www.youtube.com/watch?v=LTTPprHZaVg
[YTP] The Freindly Neighbourhood Spyops,TheRumChum,https://www.youtube.com/watch?v=ZyXMrfWsek0
[YTP] The Earth Was Sauce,TheRumChum,https://www.youtube.com/watch?v=zZhgeYK-1Lo
Green Eggs and Gum,KroboProductions,https://www.youtube.com/watch?v=ofk2lYPyRjc
Foster's Home for the Clinically Insane,ThemOldaBoys,https://www.youtube.com/watch?v=fMPh3ZF0P0k
Mister Nice Pants FOCKS The Squidman,ThemOldaBoys,https://www.youtube.com/watch?v=FgZSbJ6yW5Q
ThemOldaBoys does Ronald Magic,ThemOldaBoys,https://www.youtube.com/watch?v=DSqznO0PViY
DO IT AGAIN I WASN'T LOOKING,ThemOldaBoys,https://www.youtube.com/watch?v=dQB-pM-HHcQ
I FEEL LIKE A PUSSY WHEN I MAKE A SPONGEBOB POOP,ThemOldaBoys,https://www.youtube.com/watch?v=qn35l2ZHX_s
Justin Beiber sings one of his classics for the starving children in Venezuela,ThemOldaBoys,https://www.youtube.com/watch?v=C634CtgwsYM
He Burnt My Steak,ThemOldaBoys,https://www.youtube.com/watch?v=TWDpulAyYYs
Drake & Josh Collab,ThemOldaBoys,https://www.youtube.com/watch?v=SLj9tguWxQ0
Will Recites Palindromes (The FrerF PrirP of BeB AiA),ThemOldaBoys,https://www.youtube.com/watch?v=Xolx8kw1CPM
YTP: Screaming Black Men,ThemOldaBoys,https://www.youtube.com/watch?v=LXhbBzt_eKg
YTP: Gaston Joins the Make-believe Army,ThemOldaBoys,https://www.youtube.com/watch?v=Cy_YnZcUiRw
100 Subscriber Special,ThemOldaBoys,https://www.youtube.com/watch?v=h2lrcQSWoJY
Ronald McGiygas Speed Up 500%,GTOTORPD,https://www.youtube.com/watch?v=7E_FpGC6rH8
YTP - Scout Seduces a Bucket of Chicken,Frozen Cereal,https://www.youtube.com/watch?v=BsEvNheFQPQ
[Deleted video],,https://www.youtube.com/watch?v=o1paRzQKp9A
YTP- Radicalface answers a couple of non-sexually related questions,xox1592009,https://www.youtube.com/watch?v=7grmR4VwIYs
YTP- Batman dies of bullet in the head syndrome (god this title sucks),xox1592009,https://www.youtube.com/watch?v=lVgmAHzsSE0
YTP-  Vesse Jentura Gets Assasinated By The Government's Evil Assassins,xox1592009,https://www.youtube.com/watch?v=Rtca3XnCSV8
[Private video],,https://www.youtube.com/watch?v=w_sszIAC3R8
[YTP] - Rog Cums on Your Carpet (Collab Entry),Ron Mad,https://www.youtube.com/watch?v=pi22RaPJvmo
YTP: The walking dead: Plenty of time left Part 1,Stephen's YTP's,https://www.youtube.com/watch?v=W111pSFyCng
YTP: The walking dead: Around every Omid,Stephen's YTP's,https://www.youtube.com/watch?v=XK5EDWbcg6k
The Walking Dead Game Season 2: All That Shits,Stephen's YTP's,https://www.youtube.com/watch?v=3T70hA0tuMc
YTP: The hunchback of Notre Dame - Frollo is a slut,Stephen's YTP's,https://www.youtube.com/watch?v=Lzzkp35jcjg
YTP: The walking dead game: In the way of harm part 2,Stephen's YTP's,https://www.youtube.com/watch?v=j7LWX2BR3j4
YTP: The walking dead game: All that remains is nothing. You hear me?! NOTHING!,Stephen's YTP's,https://www.youtube.com/watch?v=5lboauLRaik
YTP: The Walking Dead - In The Way of Harm,Stephen's YTP's,https://www.youtube.com/watch?v=ALwrzicX8Pg
[YTP] Gotye Knows Somebody That He Used,cs188,https://www.youtube.com/watch?v=YJey74gmkLY
[Private video],,https://www.youtube.com/watch?v=tt3Rc1xrgvc
YTP - Family Feud - Steve Harvey takes his job too seriously,TheSepticFoundry,https://www.youtube.com/watch?v=F-2PCmCTOGc
YTP - Coppercab likes it better inside the closet,TheSepticFoundry,https://www.youtube.com/watch?v=NUKt5dnyjuI
YTP - A dysfunctional family teaches you to internet,TheSepticFoundry,https://www.youtube.com/watch?v=iRXOYhvWSR0
STANLEY DIES,ThemOldaBoys,https://www.youtube.com/watch?v=5pdcWkTpYLk
YTP: The Michael Rosen Rapid Anal Discharge (1k sub special),ChickenPika,https://www.youtube.com/watch?v=gWmxP5vmvBs
YTP - Dr. Phil - He's the one they call Dr. Phil Good,TheSepticFoundry,https://www.youtube.com/watch?v=w0suRCAyVjg
{YTP} ~ Jaunt Ron,DaThings,https://www.youtube.com/watch?v=V33E3w4Cd04
[Deleted video],,https://www.youtube.com/watch?v=FrNnONARIB4
[Deleted video],,https://www.youtube.com/watch?v=TcJ-yWPRpvw
[YTP] Once upon the 80s,noisepuppet,https://www.youtube.com/watch?v=yXU76uaejyQ
{YTP} ~ TRY TO KEEP CALM!,BarryTwice,https://www.youtube.com/watch?v=11J1mac1RMg
[Private video],,https://www.youtube.com/watch?v=0rW1PnrPICs
YouTube Poop: Billy Mays Is Watching Your Mom In The Shower,cs188,https://www.youtube.com/watch?v=Cy-fx69ISok
Joe Ligotti Collects All The Power Stars Using His Action Figures,avojaifnot,https://www.youtube.com/watch?v=Jebhf8mT2E0
AVOJAIFNOT GETS EVISCERATED FOR MAKING THE MOST SACRILEGIOUS YOUTUBE POOP IN EXISTENCE,avojaifnot,https://www.youtube.com/watch?v=cAp1p6ETdTc
[YTP] Moar 80s ads of desolation and despair,noisepuppet,https://www.youtube.com/watch?v=0oqAHrwzyXM
[Deleted video],,https://www.youtube.com/watch?v=eQx6MZFS2n8
[YTP] Al Licks TheSepticFoundry,noisepuppet,https://www.youtube.com/watch?v=0UtE2dW7MtY
[YTP] Al Licks Yet a Second Time,noisepuppet,https://www.youtube.com/watch?v=LPlfmhCGi0U
[YTP] Anthony Sullivan Wipes His Bum on Your Carpet,cs188,https://www.youtube.com/watch?v=zjHbyqeXPNA
Youtube Poop: John Cena rap battles a man with a boyfriend,1HitK0h,https://www.youtube.com/watch?v=WjTZUnEVy_8
YTP: House of Boss,MegaCreepycreep,https://www.youtube.com/watch?v=VFyyFAWSHvQ
Did You Realize Blue is a Girl?,chemistryguy,https://www.youtube.com/watch?v=ieiLKWXm-iw
The Real Reason Steve Left,chemistryguy,https://www.youtube.com/watch?v=jcyibHJzSd4
{YTP} ~ The Evil Berenstain Rascals,DaThings,https://www.youtube.com/watch?v=sBlnmLpUERw
[YTP] Some bullshit about eunuchs?,noisepuppet,https://www.youtube.com/watch?v=eZ5qHDlUfMQ
The Fesh Pince of Blair 2: Uncle Phil Yiffs in Heaven Again,KroboProductions,https://www.youtube.com/watch?v=Drqj67ImtxI
[Private video],,https://www.youtube.com/watch?v=AkX0Z-CRX-M
David tell us how his trick-or-treating went...,SaltySpagettiStudios,https://www.youtube.com/watch?v=NZN6mlMFGw0
[YTP] Fitness Frenzy,TheRumChum,https://www.youtube.com/watch?v=tglJlpCPuIc
[YTP] Matrix Beta Testing Phase,TheRumChum,https://www.youtube.com/watch?v=i9iaxQp1LK0
[YTP] SpongeBlob and the Cold Case of the Canned Bread,Sinn3d_tragedy,https://www.youtube.com/watch?v=AvPeyQ_WuaI
[YTP] Dad purifies the flesh with fire,noisepuppet,https://www.youtube.com/watch?v=DbD2XzGHM0Y
[Private video],,https://www.youtube.com/watch?v=bL3MgqpywnM
[YTP] Rendering echo.wmv-- time left: space,noisepuppet,https://www.youtube.com/watch?v=E0et4zyrGoU
YTP - Mad Men - Lane Pryce Descends,TheFreshKeeper,https://www.youtube.com/watch?v=ewi1nrUbtFE
YTP - SpongeBoy is an Ugly Fuck.,Defcon Johnson / Dimitri Petrov,https://www.youtube.com/watch?v=hdTUcJ2nUh0
YTP - Juniors Traumatizing Home Invasion Experience (FruityStories Collab Entry),Jimmy Davis,https://www.youtube.com/watch?v=xd48n5h9hmY
YTP: Dr. Phill needs a chill pill,TheMarklar01,https://www.youtube.com/watch?v=D_c3xRtfzww
Youtube Poop   Cory,mark3611reupload,https://www.youtube.com/watch?v=nmPkaUMXbBg
[Private video],,https://www.youtube.com/watch?v=tasYiVI0iz0
[YTP] Now it's maimed,noisepuppet,https://www.youtube.com/watch?v=Tg0Msvkg16w
[YTP] How to shave your bieber,noisepuppet,https://www.youtube.com/watch?v=Hq3doaz7Ao8
[YTP] How to customer sus,noisepuppet,https://www.youtube.com/watch?v=FpRiNXfrDNo
[YTP] Ceci n'est pas une pupe,noisepuppet,https://www.youtube.com/watch?v=YVKIUfO2SuU
[YTP] How to hotel,noisepuppet,https://www.youtube.com/watch?v=C4BXr1fsPuI
[YTP]: Markiplier Rage Quits (FNaF),Udge,https://www.youtube.com/watch?v=AJtOE_JSAhw
[YTP]: Markiplier and the Forest Nymph Scream at Weegee,Udge,https://www.youtube.com/watch?v=iUXR5wHMR2k
[YTP]: Yobama Gives an Important Announcement,Udge,https://www.youtube.com/watch?v=9AlAJZa4Lc8
YTP - Conspiracy Theory - Jesse discovers Oswald's deepest secret,TheSepticFoundry,https://www.youtube.com/watch?v=J0JwyYghQ14
[YTP] How to cheesual suspects,noisepuppet,https://www.youtube.com/watch?v=MrHZFnq_kT0
[Deleted video],,https://www.youtube.com/watch?v=TcaoWxcuEKw
[YTP] Stats farff is rare,noisepuppet,https://www.youtube.com/watch?v=tKqqK06tGb8
Jerry Shipts His Pants,ThemOldaBoys,https://www.youtube.com/watch?v=V6w3hGrFxYs
Brian Ships His Pants Overseas In Under 76 Days,GameBop,https://www.youtube.com/watch?v=5prP_cGtdNg
Jerry Shits His Pants part 6: Jerry skips parts 3 through 5,ThemOldaBoys,https://www.youtube.com/watch?v=DQBBlgT3gHE
[YTP] Mike and The Sullster Go Three-Way With Their Company-bought Life Insurance Policy,Awful Fawful,https://www.youtube.com/watch?v=bVzMx6e0Y2M
YouTube Poop: The Office Benihana Christmas,dsargent724,https://www.youtube.com/watch?v=EBHWO6eN5Cw
YTP - Jesse Ventura's highly sexual encounter,happyexpress,https://www.youtube.com/watch?v=AzGm4M7nXno
[YTP] Blow me yay,TheRumChum,https://www.youtube.com/watch?v=YZWuQ1PS7Jw
[YTP] Over the Cock,TheRumChum,https://www.youtube.com/watch?v=vq9F3CUYx_A
{YTP} LESNAR KILLED THE UNDERTAKER {WWE},The Youtube Pooper,https://www.youtube.com/watch?v=I84P9j121bY
YTP - Chach WoW - A Thanksgiving Miracle,TheSepticFoundry,https://www.youtube.com/watch?v=a6ZNrLYyS50
YTP: Billy Mays - The Movie,CoolBlueZR1,https://www.youtube.com/watch?v=bN55C3agKXQ
[Private video],,https://www.youtube.com/watch?v=6UHGW2T8Ys0
YTP - Alex Jones - Alex Unhinged,TheSepticFoundry,https://www.youtube.com/watch?v=1wQKbVT7IqU
YTP - Bill Nye is not a scientist,TheSepticFoundry,https://www.youtube.com/watch?v=uthgEFFcp8M
YTP - Drop that accent in two minutes!  Guaranteed!,TheSepticFoundry,https://www.youtube.com/watch?v=lI5HyCWhtCU
YTP - Bileman misdirects your child,TheSepticFoundry,https://www.youtube.com/watch?v=ze9tynzSXiw
YTP - Wendy's - Turn the Meat,TheSepticFoundry,https://www.youtube.com/watch?v=Olzi5nK8y6I
YTP - Come Outside and,TheSepticFoundry,https://www.youtube.com/watch?v=Ek83Ai1Ftis
[YTP] The Falafel Guy,noisepuppet,https://www.youtube.com/watch?v=NZlortTnBRI
YTP - SpungBall tells Viacock to eat shit,Defcon Johnson / Dimitri Petrov,https://www.youtube.com/watch?v=o7fGex0kV3E
youtube poop - Month of the Employee,Defcon Johnson / Dimitri Petrov,https://www.youtube.com/watch?v=GSiTpIMrq5U
Collab Entry for a collab that never happened,Defcon Johnson / Dimitri Petrov,https://www.youtube.com/watch?v=RV_GdDCazeo
Billy Sells Rice Pudding,ThemOldaBoys,https://www.youtube.com/watch?v=rqLf9mqw4LA
[Deleted video],,https://www.youtube.com/watch?v=bVlVTiJQqps
Emperor of the Plateau (KOTH collab #2 entry),KroboProductions,https://www.youtube.com/watch?v=Lu9iSYcFHyQ
[YTP] It's time for a very short book,noisepuppet,https://www.youtube.com/watch?v=glM9bAR_hsk
[YTP] SpongeBlob and the Cold Case of the Canned Bread,Sinn3d_tragedy Archive,https://www.youtube.com/watch?v=Swf-0KVwFsw
YTP  - Steve Harvey is a bad teacher,TheSepticFoundry,https://www.youtube.com/watch?v=3cHKFNBggxE
YTP Tennis with P4TW  - Make talk even gooderer!,TheSepticFoundry,https://www.youtube.com/watch?v=JuLwuexXM4U
Pretty Much Shit: Jake Commits Mass Murder,ThemOldaBoys,https://www.youtube.com/watch?v=VvJ33nvsnpg
YTP Tennis with P4TW - Supreme Talk Make More Gooder than Gooderest,TheSepticFoundry,https://www.youtube.com/watch?v=MYsZloUDt0Q
Five Nights at a Pizza Hut in the Garage,KroboProductions,https://www.youtube.com/watch?v=86wLJhrPKgk
[Deleted video],,https://www.youtube.com/watch?v=iQOdV2RdzxE
[Private video],,https://www.youtube.com/watch?v=x2KKByxd-uw
[Private video],,https://www.youtube.com/watch?v=Ryowiw9NxOE
[YTP] - The Apprentice: Donald Trump is a Masturbating Alien,Gudren Rimsey,https://www.youtube.com/watch?v=eCLRf1bXg_8
YTP: AristoCats - Freaking Edgar's Quest,DroopDk,https://www.youtube.com/watch?v=m6iYzl7t_2I
[YTP] Dr. Octopus & the letter V,p4tworld,https://www.youtube.com/watch?v=_91Cm54R4S4
[YTPMV] Green Hills 'N Stuff,p4tworld,https://www.youtube.com/watch?v=sIXBQuWK3gM
[YTP Tennis With TSF] - Make talk more goodester,p4tworld,https://www.youtube.com/watch?v=uGd308CMWP4
[YTP Tennis with TSF] - Make talk much gooder,p4tworld,https://www.youtube.com/watch?v=-lnVfCljdi0
"""That Backflip Though"" (The Posh Version)",ThemOldaBoys,https://www.youtube.com/watch?v=y1jpcIW56gc
[YTP] A gratuitous filler... or something like that,Sinn3d_tragedy,https://www.youtube.com/watch?v=yg7X4v3JQ7k
YTP: Squidwarp's Time-Travelling Adventure,william_,https://www.youtube.com/watch?v=VgCsUBYOG0A
[YTP]: Five Nights at Snoop Dogg's (Collab Entry),Udge,https://www.youtube.com/watch?v=c1co4PMjl5A
[YTP] Raar 'n' lol,noisepuppet,https://www.youtube.com/watch?v=jyeI3Ziii6w
YTP Arthur Kills His Grandma (PLEASE READ IT ON DESCRIPATION),SonicFanWalkthrough4,https://www.youtube.com/watch?v=fkSxkdXJWcI
[Private video],,https://www.youtube.com/watch?v=klb6FwYeTsk
{YTP} ~ The Super Smash Bros. Hype Train Derailment,DaThings,https://www.youtube.com/watch?v=388Ct7aZhpU
[YTP] Monsters On Acid,TheRumChum,https://www.youtube.com/watch?v=J7BOjllZTd0
[YTP] Hockey Folilof vs. EEEEE Period 1,TheRumChum,https://www.youtube.com/watch?v=0B_Y0Qukgw0
"[YTP] Cybercok ""error"" incomplete",TheRumChum,https://www.youtube.com/watch?v=Mok8OyFbmAY
MICHAEL ROSEN'S MESSAGE TO POOPERS!,LitUp666,https://www.youtube.com/watch?v=XETihoBmqeU
[YTP] Captain Jackass 2 The Curse of the live womens back end,TheRumChum,https://www.youtube.com/watch?v=K9SrMp8K2wI
YTP: John Cena's Midlife Crisis,BraydsYTP,https://www.youtube.com/watch?v=r0expvGjjx4
A Shocking Expos√© on Krabby Patties,SantaWithTeethYTP,https://www.youtube.com/watch?v=aGAYEtHRnyU
[Deleted video],,https://www.youtube.com/watch?v=qOcor-MFztQ
This Youtube Poop is Not Important,Frozen Cereal,https://www.youtube.com/watch?v=KnTyXcCMssc
"[YTP] Dr. Stutter, Lord of Chaos",noisepuppet,https://www.youtube.com/watch?v=KBDzKFJ-xLM
[Private video],,https://www.youtube.com/watch?v=7_0wDDr4jNU
Stu contemplates life at 4am üí© YTP,The Electric Cheese,https://www.youtube.com/watch?v=5OJS9N0ib_Q
[YTP] Jack Black shows us his Cocktagon,Katan the Van,https://www.youtube.com/watch?v=jfdPYwXwFbk
[Deleted video],,https://www.youtube.com/watch?v=AkgFlST4o9M
[YTP] Batman v Batman: Dawn of Batman,Dylancliff111,https://www.youtube.com/watch?v=brXCGINAGLo
[YTP] here in my grodge with my new Dodge,noisepuppet,https://www.youtube.com/watch?v=zIYwEpvup9g
ARGH MARIA!!,ThemOldaBoys,https://www.youtube.com/watch?v=6_IOYmp_510
YTP - Penis Parker gets charged with domestic abuse,happyexpress,https://www.youtube.com/watch?v=KD0vmaIUTLI
(YTP) John Cena Sexually Threatens The Rock,1HitK0h,https://www.youtube.com/watch?v=L5tnDqyHsmo
YTP: Spiderman - Peter the Park ranger,TheMarklar01,https://www.youtube.com/watch?v=cbq5r03Duj0
YTP- Metal Fear Volgin 3.5: Shit Eater [ILVG 2 Collab Entry],Frozen Cereal,https://www.youtube.com/watch?v=8CFJd80Iruc
YTP: The Walking Dead (Game) - Kenny's Career is failing,Stephen's YTP's,https://www.youtube.com/watch?v=OEvN8SLLLDo
The Severe Multiple Personality Issues of Adolf Hitler,chemistryguy,https://www.youtube.com/watch?v=Nfwz8I4PYuY
YouTube Poop-Despicable Meme: Gru's constipated,Goop Videos,https://www.youtube.com/watch?v=9aIUYYUoXz0
„ÄêYTP„Äë Hitler Likes to Falgus,Centila,https://www.youtube.com/watch?v=3iL8t0iOiZM
[Private video],,https://www.youtube.com/watch?v=FbP1NVpzCAk
[YTP] Pooping the Charts Vol. 4 - Rebecca Black and Justin Bieber Take A Dump Together,cs188,https://www.youtube.com/watch?v=YBjdlkwfrBo
[Private video],,https://www.youtube.com/watch?v=j-x7Zu7pL_A
[YTP] EVERYTHING'S OUT OF CONTROL! (PTC 80s Edition),cs188,https://www.youtube.com/watch?v=06Mcjvhl-ls
"YTPMV - The ""REAL"" Michael Rosen Rap (THOMAS THE TANK ENGINE EDITION)",DHM_Alt,https://www.youtube.com/watch?v=zZ2MvRd7zcE
[Private video],,https://www.youtube.com/watch?v=PGeSwMS42Sg
[Private video],,https://www.youtube.com/watch?v=qomos5A1BFE
YTP- Panchi Dog Wipes His Ass on a Garage Door and Dies as a Result [JPN Commercial Collab Entry],Frozen Cereal,https://www.youtube.com/watch?v=C9Dx6jlJ5SI
[YTPMZ] Meanwhile on an elevator to Hell,noisepuppet,https://www.youtube.com/watch?v=Ju8-KN9ybys
[YTPMV] Voldemort Loves Dubstep,TheRumChum,https://www.youtube.com/watch?v=nTIIMuNEris
[Deleted video],,https://www.youtube.com/watch?v=1jgX6n9t2F8
[YTP] A very grammatical experience,p4tworld,https://www.youtube.com/watch?v=CjzxeMGN1Os
[Private video],,https://www.youtube.com/watch?v=z0em7ExhQ1U
[YTP] Dane Cock Decides to Pursue a Career in Choreographed Dance,Dozzyrok,https://www.youtube.com/watch?v=vC4ZsVPFvR8
[YTP] Caillou's irrelevant chopstick adventure,p4tworld,https://www.youtube.com/watch?v=k7gMPGjBabc
J. Tron - Fool Him Once,ThemOldaBoys,https://www.youtube.com/watch?v=_j5sZM2-Ia0
BA... NANANA,cs188,https://www.youtube.com/watch?v=_9Nn2HGrBN0
[YTP] WAT DO????,noisepuppet,https://www.youtube.com/watch?v=o6WDKHDs08k
YouTube Poop: Jajvert gets the Bagel (WarlusGuy Reupload),DaThings,https://www.youtube.com/watch?v=AfXFhuVHwvo
[YTP] Aaron the pedo smokes Newports and talks to himself,noisepuppet,https://www.youtube.com/watch?v=dofjuOoXP0k
[YTP] The Aaron Supremacy,noisepuppet,https://www.youtube.com/watch?v=EjaT_MYbu-U
[YTP] SpingleBlab Cancels His DirecTV Subscription,Sinn3d_tragedy,https://www.youtube.com/watch?v=AbKbu8ci4oc
[YTP] Finnty Shades of Jake,Sinn3d_tragedy,https://www.youtube.com/watch?v=RCP1jCcd174
YTP - The Last Temptation of Penis Parker,happyexpress,https://www.youtube.com/watch?v=HF69NMwORMQ
[YTP] BUTCHA GOTTA CALL NOW.,cs188,https://www.youtube.com/watch?v=Os6VyELqJ7o
[YTP] YOUR SINK IS THE BATHROOM,cs188,https://www.youtube.com/watch?v=_tYjognhazg
[YTP] DIY = (Dont) Do It Yourself,cs188archives,https://www.youtube.com/watch?v=q4Rh00BxpMY
[YTP] Anthony Sullivan's Apocalypse Bulb,cs188,https://www.youtube.com/watch?v=UJl7QlHsUlE
YTPMV: Rainbow Astley [a.k.a. Rainbow Roll'd] (EnteiTheYTPMVer),cs188,https://www.youtube.com/watch?v=2RtNGnP6sNU
[YTP] The 70s lay siege to your privates,noisepuppet,https://www.youtube.com/watch?v=3X0_d7jli-4
[Private video],,https://www.youtube.com/watch?v=33_9vQu6ruM
YouTube Poop: Aang's Titan Cabbage Destiny,MasterJoJ,https://www.youtube.com/watch?v=-uO7lKA6hYg
[YTP] Alan Jackass,TheRumChum,https://www.youtube.com/watch?v=f4mxS6RlyQs
YTP: Donald trumps everything and everyone,TheMarklar01,https://www.youtube.com/watch?v=1q6OpWW_dw0
[Private video],,https://www.youtube.com/watch?v=cqeMA3LLS7M
"Youtube poop: Spongebob and Patrick sell PINGAS(original, reuploaded)",LickMyNoseHAHAHA,https://www.youtube.com/watch?v=e59A-FTYMv4
[Private video],,https://www.youtube.com/watch?v=KrzKhbNMYVI
[Private video],,https://www.youtube.com/watch?v=v2Tg-inSH-A
[Private video],,https://www.youtube.com/watch?v=aKCJ-iUFYMs
[Private video],,https://www.youtube.com/watch?v=-vLVyWaqY6g
[YTP] Papa JoJ,Hurricoaster,https://www.youtube.com/watch?v=8Ozmp5oaU1E
[Private video],,https://www.youtube.com/watch?v=_09udHDyeWc
YTP: Billy Mays' Sexcapades,LegendarySage,https://www.youtube.com/watch?v=HzakyHEc7A4
[YTP] Mad dogs and English lessons,noisepuppet,https://www.youtube.com/watch?v=e6e-zXu6kR8
Steven Jewniverse 3: Threeven Jewniverse,KroboProductions,https://www.youtube.com/watch?v=Zu1WNNPvrkY
[YTP] - Trump and Cruz discover Rubio's Interc0ckinental Missile,MorimotoYTP,https://www.youtube.com/watch?v=fTEA5uy02FA
[YTP] - Donald Trump's Expensive Website,MorimotoYTP,https://www.youtube.com/watch?v=Mx9LXysB2iM
YTP - Doc Phil exploits a man's fetish,TheSepticFoundry,https://www.youtube.com/watch?v=Iu_UGPL6YSE
YTP - Rick Ross wants you to meet him behind the faucet,TheSepticFoundry,https://www.youtube.com/watch?v=MNuUn-zltus
Slam of Slams [YTPMV],Oasty,https://www.youtube.com/watch?v=hZB0qpjQ1yk
Donald Trump Makes America Again,KroboProductions,https://www.youtube.com/watch?v=QJUIzfmJvfs
[Tennis] Geri's Layoff from His Toy Repairman Job,avojaifnot,https://www.youtube.com/watch?v=md9BKkUEjZU
The Day Demo Stood Still (Or Something Like That),avojaifnot,https://www.youtube.com/watch?v=AFstoN2P_KE
[Private video],,https://www.youtube.com/watch?v=_h2hSiJqMvI
[YTP] The Super Colossal Combustion Concept,TheRumChum,https://www.youtube.com/watch?v=xbiw7ncst88
[Private video],,https://www.youtube.com/watch?v=64gUTd6KF6s
CooC Cac Lol 2:  Back in the Habit,TheSepticFoundry,https://www.youtube.com/watch?v=U-SbPtCh12w
[YTP] Super Circumcision,cs188,https://www.youtube.com/watch?v=QxGoPypBn9g
[YTP] Giant Death Monsters,noisepuppet,https://www.youtube.com/watch?v=mpI8NPazs9M
TheUpdateChum Part 3,TheRumChum,https://www.youtube.com/watch?v=XvBwsKlLL08
[YTP] Gardner Of The Dick,TheRumChum,https://www.youtube.com/watch?v=NWHh_lb45lQ
Hillary Clinton x Bernie Sanders,KroboProductions,https://www.youtube.com/watch?v=Rh7oddrohV0
[YTP] Starcraft 2 Marine Quotes,TheRumChum,https://www.youtube.com/watch?v=J_kNkdN_TLs
[Deleted video],,https://www.youtube.com/watch?v=4IMrP5t18ug
[YTP] Game Cray Cray's Video Game Games,p4tworld,https://www.youtube.com/watch?v=kFQoqyDX4BE
[YTP] Cashcab swallows his cat,p4tworld,https://www.youtube.com/watch?v=zq7_xFh3RGY
[Private video],,https://www.youtube.com/watch?v=Z4YRiqDfKvA
[Private video],,https://www.youtube.com/watch?v=_8VmbLaSL-s
YouTube Poop: Spingeville,Hurricoaster,https://www.youtube.com/watch?v=2KAJ6sCbEiM
[YTP] Charmx's Long-Awaited Ass Reveal,cs188,https://www.youtube.com/watch?v=0K2o0SuNtt0
Road To Multisource,Goop Videos,https://www.youtube.com/watch?v=4rgc4QO1ERk
YouTube Poop: LOOK MR. KRABS CLEAN FLOORS,ThemOldaBoys,https://www.youtube.com/watch?v=llcuZGhVY4Y
[YTP] Sausage to Mr. Trump,cs188,https://www.youtube.com/watch?v=C1zzXw34s7U
[YTP] Bruno's Uptown Rectal Cleansing Sing-along PSA,PlanetYTP [ YouTube Comedy ],https://www.youtube.com/watch?v=LVoMubR4N0w
The Roast of the Century,ThemOldaBoys,https://www.youtube.com/watch?v=ajsN5jMuZ8Y
[Private video],,https://www.youtube.com/watch?v=NYJA10AHntQ
[YTP] Squidward Has No Talent,Sinn3d_tragedy,https://www.youtube.com/watch?v=dx0v1PmPwnA
The Ascension of EARRAPE,Goop Videos,https://www.youtube.com/watch?v=fVAh0YiVWuY
[YTP] Silly Mayz Wrapz Himzelf in an Abzorbant Twowel,cs188,https://www.youtube.com/watch?v=S9EhRddWEHI
maggots.wmv,Hurricoaster,https://www.youtube.com/watch?v=oX0cIMoHKY0
YTP: Jeremy Jahns critically and objectively dissects Ghostbusters (2016),TheMarklar01,https://www.youtube.com/watch?v=mKEZ38nHyv4
[Private video],,https://www.youtube.com/watch?v=Mqbs994Ky3U
YTP: Shia Labeouf Tries It,Frozen Cereal,https://www.youtube.com/watch?v=Xko2645ys10
[Private video],,https://www.youtube.com/watch?v=rd4jU8Shcds
[YTP] Josh brings mayhem to Drake's triple life (collab entry),üëà probably this mf but on steroids,https://www.youtube.com/watch?v=nV0p0ueeExo
YouTube Poop Collab: The Ascension of EARRAPE 2,Goop Videos,https://www.youtube.com/watch?v=RTNKAlVgNYA
YTP: The Walking Dead - Pee Pee Pants Sh*tty,Stephen's YTP's,https://www.youtube.com/watch?v=DcYKYQ-dNDU
[YTP] PRESIDENT EVIL: UNUNITED STATE OF HYSTERIA,cs188,https://www.youtube.com/watch?v=zELgmswYbQU
YTP - The Tree Nooses,Defcon Johnson / Dimitri Petrov,https://www.youtube.com/watch?v=wq-5uZM4FXo
Big Smoke's Order,FlyingKitty,https://www.youtube.com/watch?v=OuvUgaLxemg
what is my life.wmv,Goop Videos,https://www.youtube.com/watch?v=2CbnSUJELG0
[Private video],,https://www.youtube.com/watch?v=vv6tun14Oug
"[YTP] SuS Man 2: Les Gets Taken Deep, Into The Swamp",TheRumChum,https://www.youtube.com/watch?v=6mWa--s2Y0o
Bo Burnham Conquers New Jersey,ThemOldaBoys,https://www.youtube.com/watch?v=iJuBuIhevQo
[Deleted video],,https://www.youtube.com/watch?v=rdQMedXOPIE
[YTP] Mythbusters Traumatic Balls,TheRumChum,https://www.youtube.com/watch?v=6DU6Batisos
[Private video],,https://www.youtube.com/watch?v=ssr1pG6qeZA
YTP: Mabel Takes A Walk On The Wild Side (Re-Upload),Stephen's YTP's,https://www.youtube.com/watch?v=NrYybAyiCAc
Welcome To The Jungle [EDITED] (LickMyNoseHAHAHA Remake),Goop Videos,https://www.youtube.com/watch?v=zGCQNyG0oDg
HEY DIE AZZ,ThemOldaBoys,https://www.youtube.com/watch?v=d5BHSeRp3hU
[YTP] The Freindly Neighbourhood Spyops,TheRumChum,https://www.youtube.com/watch?v=ZyXMrfWsek0
[YTP] The Fine Ass,Dylancliff111,https://www.youtube.com/watch?v=uFMXSGrDIis
The Modern YouTube Poop Community in a Nutshell,Frozen Cereal,https://www.youtube.com/watch?v=-jm5-8pHsbo
Youtube Poop Pride Patties,TommyXD96,https://www.youtube.com/watch?v=GN-MlNbcsms
chad.mp4,Frozen Cereal,https://www.youtube.com/watch?v=u8n3_sx9Hmk
ENGLAND IS MY OWL CITY,Kitezh,https://www.youtube.com/watch?v=Xc8jeG7BDp0
YouTube Poop: eyeCarly Lubes Lubert in Double Detention,MasterJoJ,https://www.youtube.com/watch?v=qxLJ5RVSP0Y
Emperor of the Plateau (KOTH collab #2 entry),KroboProductions,https://www.youtube.com/watch?v=Lu9iSYcFHyQ
King of America (KOTH collab #3 entry),KroboProductions,https://www.youtube.com/watch?v=CuJzdX6kZGM
YTP: Bruce Lol,Hurricoaster,https://www.youtube.com/watch?v=1Xom_KFKaFs
YTP: Rodeohead - Kock Police,Hurricoaster,https://www.youtube.com/watch?v=JP2YwKfxtZo
[YTP] [marck3611 Reupload] Hulk Hogan's Brother has a 24 Inch Python,Bast,https://www.youtube.com/watch?v=-iW_UblzrrQ
YTP Billy Mays Gets a Free Happy Meal,mark3611reupload,https://www.youtube.com/watch?v=LEO8Q2T_a6w
Mark3611 Youtube Poop - Cory.,metalexplosion1,https://www.youtube.com/watch?v=gTujrBJ6mEw
[Deleted video],,https://www.youtube.com/watch?v=ky0udPOvSHM
FireeriF,Dylancliff111,https://www.youtube.com/watch?v=kmD90-wAVd4
YouTube Soup: Cheapy the Cheapskate Celebrates Chris Cavemus,ThemOldaBoys,https://www.youtube.com/watch?v=WDkZEaEHhS0
[Private video],,https://www.youtube.com/watch?v=j2GBZi5YFNc
GET OUT OF MY COCK,Goop Videos,https://www.youtube.com/watch?v=Soi9tIq1_ZM
Stupid Meme,Goop Videos,https://www.youtube.com/watch?v=uh2HGMMrnuc
[YTP] frish pimp,p4tworld,https://www.youtube.com/watch?v=BZJ_fKwTAhA
Stupid Meme,Goop Videos,https://www.youtube.com/watch?v=uh2HGMMrnuc
Fortress Kart 2,Goop Videos,https://www.youtube.com/watch?v=5_qGBSAVLAk
Steamed Hams but it's just one of those days,Goop Videos,https://www.youtube.com/watch?v=_hXJFKU6jKk
[Deleted video],,https://www.youtube.com/watch?v=V6C4eLO0G-Y
"YTP - Steamed Hams, but Skinner Steams Chalmers (Collab Entry)",SwagPikachu,https://www.youtube.com/watch?v=IreuNOvJoUU
ytp - back to the shed,Defcon Johnson / Dimitri Petrov,https://www.youtube.com/watch?v=uWR9-e5KNoY
Made in the Royal Navy.png,Lord YTP,https://www.youtube.com/watch?v=jGWe6wTUEy0
[YTP] A filler filled with secret eggs (that Amy can't know about),p4tworld,https://www.youtube.com/watch?v=e0QndWzDVXI
YTP - Gabriel Iglabriel Buckles His Fuckle,Defcon Johnson / Dimitri Petrov,https://www.youtube.com/watch?v=NIrO8HUlazY
[YTP] Psycho Swift's Wet & Waterproof Worldwide Destruction,cs188,https://www.youtube.com/watch?v=8BOqyB1Av5w
YTP: SpiderMosh Wants Mary Joj to Let Go ...But She Won't,Hurricoaster,https://www.youtube.com/watch?v=ohjtg-CQ62s
[Tennis] Geri's Nonexistent Fight with Carl Frederickson,avojaifnot,https://www.youtube.com/watch?v=WXrdjr03tiA
YouTube Poop: Spingebill Experiences a Bad Trip,OriginalName,https://www.youtube.com/watch?v=ORdd-UubsSs
YouTube Poop: A recollection of the time I soiled myself on a public transit,Goop Videos,https://www.youtube.com/watch?v=WqPW5hg5XVk
Quaaludes but every time he says Quaalude it gets worse,Goop Videos,https://www.youtube.com/watch?v=mSpqA4EIKPo
Burn Marks,ThemOldaBoys,https://www.youtube.com/watch?v=EW86sEEPsTg
"YTP: Domino Pizza ""Have you heard of my amazing Hatsune Miku?""",Erect Cock,https://www.youtube.com/watch?v=oVeMn5xBwj0
YTP: Wallace's Christmas Conundrum,HourofPoop,https://www.youtube.com/watch?v=wuYQRwRsghs
10 Minute YTP Challenge Collab Entry,Defcon Johnson / Dimitri Petrov,https://www.youtube.com/watch?v=V0jOoIXbJFM
Will Smitch,Defcon Johnson / Dimitri Petrov,https://www.youtube.com/watch?v=AQu05WOBzrY
YTP - Punk-Ass Carcass Repair,Defcon Johnson / Dimitri Petrov,https://www.youtube.com/watch?v=lHNlK95H5o0
[YTP] The Sus Zone Episode 1: The Prodigal Pingas (Part 1),Hurricoaster,https://www.youtube.com/watch?v=Ldk7kukOR-g
[YTP] The Sus Zone Episode 1: The Prodigal Pingas (Part 2),Hurricoaster,https://www.youtube.com/watch?v=KXmGuE-UucQ
[YTP] Crustal Poopsy Sales Sales Profits Sales,noisepuppet,https://www.youtube.com/watch?v=f-Zb1MojVoM
(Un)Finished YTP Projects Compilation,Defcon Johnson / Dimitri Petrov,https://www.youtube.com/watch?v=RLOU42ZQnrw
"[YTP] Pooping the Charts, Vol. 100 or something idk whatever",cs188,https://www.youtube.com/watch?v=Zt8LFgDl8iY
YTP - Jokeronavairus,Defcon Johnson / Dimitri Petrov,https://www.youtube.com/watch?v=M7cVgIOgJ9w
[YTP] Billy Mays is Alive to Sell Himself but Becomes Explicit Overtime,XtremeJ,https://www.youtube.com/watch?v=HFlfztEumpE
Dennis gets it up Jur-Ass,Goop Videos,https://www.youtube.com/watch?v=P9sYHRYEEkg
Zira Throws Pride Rock Into A Black Hole And Exiles The Entire Universe,avojaifnot,https://www.youtube.com/watch?v=yCVt3sOrwns
{YTP} ~ The French Press of Belarus,DaThings,https://www.youtube.com/watch?v=xtLBg4wrv48
[YTP] Leeza freaks out over a sticky substance,NationOfOranges696,https://www.youtube.com/watch?v=toc5nWzntpA
YTP - How To Jack Off Your Car,Hapydude101,https://www.youtube.com/watch?v=Gy3GHuFLZk8
YTP - Cheezey FeBreezey,Defcon Johnson / Dimitri Petrov,https://www.youtube.com/watch?v=gjiUfW1j1Xk
The ÔºÆÔºØÔºØÔº§Ôº¨Ôº• DREAM,Bosh,https://www.youtube.com/watch?v=k0RhXiJjbmE
YTP - SpongeRick and PatBob Worship the Magic Cock,Defcon Johnson / Dimitri Petrov,https://www.youtube.com/watch?v=deDjSb2kiOs
YTP Penis and Sperm Adopt an African Child,Joe Ross's Second Channel,https://www.youtube.com/watch?v=5_R_5KubCv4
[Private video],,https://www.youtube.com/watch?v=a1FAX3N5YkA
YTP - Martin Yan Is A Noodle Expert,YUMMY MUFFINZ,https://www.youtube.com/watch?v=pl-DReHx840
[Deleted video],,https://www.youtube.com/watch?v=AA6naFDgv6g
|YTP| Jenny Nicholson's Intergalactic Homoerotic Fan Fiction,jallerbo,https://www.youtube.com/watch?v=u7y7hlujOrk
|YTP| Peener-Man: Far From Homo,jallerbo,https://www.youtube.com/watch?v=oB-qJvs72K4
|YTP| Spinge Binge: My Little Pizza,jallerbo,https://www.youtube.com/watch?v=tbHhlK3S4Xk
|YTP| Dipper Goes To Taco Bell,jallerbo,https://www.youtube.com/watch?v=VhD7rdK7rJA
|YTP| BURN IN HEAVEN,jallerbo,https://www.youtube.com/watch?v=yoBFpcyP7K4
|YTP| Jallerfornication,jallerbo,https://www.youtube.com/watch?v=fAsGEqxwnys
|YTP| Bazinga-Wars: Rise Of Sheldon (Tennis Round 1),jallerbo,https://www.youtube.com/watch?v=6wwQfWlRP38
Krusty Towers EDITED (But it's 15.ai),Goop Videos,https://www.youtube.com/watch?v=hbJwstKPXH0
SpongeBob EDITED - Krusty Towers (LickMyNoseHAHAHA HD Remake Version 2),ICUP7612 Edits,https://www.youtube.com/watch?v=hHkemi7LSvc
|ytp| jallerbo makes spinge binge,jallerbo,https://www.youtube.com/watch?v=XnpFXDxThMc
[YTP] King of the Dale,Silvanatorr,https://www.youtube.com/watch?v=XJpH1MDwhGc
YTP // spingebill effect [REUPLOAD],MR SHRIMP DX,https://www.youtube.com/watch?v=XQNd0aDZzSI
YTP - Back to the Suture,Defcon Johnson / Dimitri Petrov,https://www.youtube.com/watch?v=JC7FAijDlg4
[YTP] - Prezidint Trumpp Town Halle,YT Pewp,https://www.youtube.com/watch?v=zFcJo8IeBHM
YouTube Poop: BIG PINGAS BURGER,jallerbo,https://www.youtube.com/watch?v=BBl-2RU9Oyo
Hey Peter!,J3SSNICA,https://www.youtube.com/watch?v=hH5Kj8M4iWA
[YTP] Hammond's Soviet Ambulance,DeployTheDRS,https://www.youtube.com/watch?v=CVPrCwRsoW4
|YTP| Peener-Man 2: God's Pee,jallerbo,https://www.youtube.com/watch?v=z480YNLVwU4
[Deleted video],,https://www.youtube.com/watch?v=goIK7_ikIXo
[Deleted video],,https://www.youtube.com/watch?v=vBIKM1sDQRQ
[Deleted video],,https://www.youtube.com/watch?v=hHlwlR2skb8
[Deleted video],,https://www.youtube.com/watch?v=b3T7Rrw08W0
[Deleted video],,https://www.youtube.com/watch?v=w7Qgn85kqbs
[Deleted video],,https://www.youtube.com/watch?v=OVz4aovlkXE
Folsom Prison WUT,britishpirate93,https://www.youtube.com/watch?v=12oDH_Ft-OM
YTP: Johnny Cash - The Man Cums,Lou Sassle,https://www.youtube.com/watch?v=0TKKkINP720
YTP: Johnny Cash - The Man Cums,Lou Sassle,https://www.youtube.com/watch?v=0TKKkINP720
YTP - Jokeronavairus : The Third Surge,Defcon Johnson / Dimitri Petrov,https://www.youtube.com/watch?v=aFB3-Jd_LYs
[YTP] Pooping the Chartsmas: HappaH HolidildoH!,cs188,https://www.youtube.com/watch?v=MVAZwVfjl8o
YTP - Dick Tendo on NinTracy,Defcon Johnson / Dimitri Petrov,https://www.youtube.com/watch?v=s9-HIXg9uEI
[Deleted video],,https://www.youtube.com/watch?v=fIT24xzf49Q
|YTP| Evan James Goes To TGI Fridays,jallerbo,https://www.youtube.com/watch?v=8VBmq6qhk74
|YTP| TlTTY BOY: Nike Edition,jallerbo,https://www.youtube.com/watch?v=5gN34Nq73Is
|YTP| Shrek's Guide To 5 Second Sex,jallerbo,https://www.youtube.com/watch?v=fmxMe7b8j1s
[Deleted video],,https://www.youtube.com/watch?v=db5rggPJ_4Q
[YTP] Spingebill SuperSpinge: Rise of Reflecto,WideEyedWiseGuy,https://www.youtube.com/watch?v=xulGC_ily_o
[Deleted video],,https://www.youtube.com/watch?v=xtntWZ5LHfU
[Deleted video],,https://www.youtube.com/watch?v=3XK3y-Da6BA
Metal Gear Rising but it's just the sus jokes,Frozen Cereal,https://www.youtube.com/watch?v=YiEA2W0iCIE
Ytp - Those animals are so funny,Masdez,https://www.youtube.com/watch?v=EPi1xK83rNc
„ÄêYTP sexer„ÄëThe Hummer Cummer and the Car Of Ass Gas: DUDE THESE ANIMALS ARE SOS THEY MAKE ME WANNA M,Smoop,https://www.youtube.com/watch?v=WN3dcI5wzM4
"YTP Mini - Complains, Deranged, & Hummer-mobiles",CR3AT1NAT0R,https://www.youtube.com/watch?v=x0_7LCPukbw
[Deleted video],,https://www.youtube.com/watch?v=Xw7OcH2pgBQ
YTP Billy Mays and the Ravages of Orange Glo,TypeONegative 1377,https://www.youtube.com/watch?v=eIc8P78TKPY
[YTP] Roe v. Hades,Frozen Cereal,https://www.youtube.com/watch?v=YWMrmxVYIxo
YTP - Billy Mays Brings About Mass Hysteria with the Flick of a Switch,Squadala,https://www.youtube.com/watch?v=EAHug0qaJKU
[Deleted video],,https://www.youtube.com/watch?v=zCGJW-Sfx8Y
[Deleted video],,https://www.youtube.com/watch?v=O8RTIusBEd8
[Deleted video],,https://www.youtube.com/watch?v=PD0oRmGxueQ
[Deleted video],,https://www.youtube.com/watch?v=Ofilk8fQ3Ds
[Deleted video],,https://www.youtube.com/watch?v=POqH0QB3AMA
DUDE WE'RE GONNA BE TALKING ABOUT THOSE FUGGING ANIMALS (so funny ytpmv),üåô Elly C‚í∂tfox ,https://www.youtube.com/watch?v=uOZwcVzmZzs
[Deleted video],,https://www.youtube.com/watch?v=wA48nSwqHfk
[Deleted video],,https://www.youtube.com/watch?v=wCAC1LUxSXk
[YTP] CAN YOU HANDLE MORE!!!,cs188archives,https://www.youtube.com/watch?v=r7FR8W41jv8
[Deleted video],,https://www.youtube.com/watch?v=hrwq4AQBXPA
THE BIG MAN ODs ON QUAALUDES,3gp Blingee,https://www.youtube.com/watch?v=FdbtQC7x4Yg
[YTP] Better Break Blowfish,Frozen Cereal,https://www.youtube.com/watch?v=GLQyoIjsYZg
[YTP] Billy Mays is in Your Car,marke3611,https://www.youtube.com/watch?v=sKu0QsFrX-A
[YTP] Billy Mays - The Suicide Time Machine‚Ñ¢,marke3611,https://www.youtube.com/watch?v=3h-uW0TTtqI
Better Call Finger,FlyingKitty,https://www.youtube.com/watch?v=At0kaXY36Xc
[Deleted video],,https://www.youtube.com/watch?v=IkP06qb6FuY
YTP | Cheetos Not Fritos | Breaking Bad,JeanniePinkman,https://www.youtube.com/watch?v=0SOPXeej4y8
[Deleted video],,https://www.youtube.com/watch?v=RaDG2R_ME6I
The Fesh Pince of Blair 3: Return of the Breffmints (Part 1),KroboProductions,https://www.youtube.com/watch?v=20yKixEkDfQ
"[YTP] The Orange Glo Odyssey, Starring Billy Mays",marke3611,https://www.youtube.com/watch?v=uvpNPsy3etI
[YTP] Billy Mays is in Your Car,marke3611,https://www.youtube.com/watch?v=sKu0QsFrX-A
[YTP] Anthony Sullivan's Apple Pie,marke3611,https://www.youtube.com/watch?v=4rdSfCR8UKU
[YTP] Billy Mays - The Suicide Time Machine‚Ñ¢,marke3611,https://www.youtube.com/watch?v=3h-uW0TTtqI
|YTP| Kevin Discovers The True Meaning Of Life As We Know It,jallerbo,https://www.youtube.com/watch?v=78rjFI7IkDY
[YTP] PRESIDENT EVIL 3: A DEBATE-ABLE FUTURE,cs188,https://www.youtube.com/watch?v=vtoWosNiBP0
SpingeBinge- The S*x Joke Horizon (Reupload),NateCOOM,https://www.youtube.com/watch?v=wVWdUK66Fzo
